species_key,month,month_name,price_inr_per_kg,is_synthetic,anchor_price_real,assumption
oil_sardine,1,Jan,38.5,True,38,"Kerala trawling-ban seasonal pattern (documented, not measured)"
oil_sardine,2,Feb,36.2,True,38,"Kerala trawling-ban seasonal pattern (documented, not measured)"
oil_sardine,3,Mar,37.1,True,38,"Kerala trawling-ban seasonal pattern (documented, not measured)"
oil_sardine,4,Apr,38.8,True,38,"Kerala trawling-ban seasonal pattern (documented, not measured)"
oil_sardine,5,May,42.8,True,38,"Kerala trawling-ban seasonal pattern (documented, not measured)"
oil_sardine,6,Jun,56.1,True,38,"Kerala trawling-ban seasonal pattern (documented, not measured)"
oil_sardine,7,Jul,55.3,True,38,"Kerala trawling-ban seasonal pattern (documented, not measured)"
oil_sardine,8,Aug,41.9,True,38,"Kerala trawling-ban seasonal pattern (documented, not measured)"
oil_sardine,9,Sep,33.2,True,38,"Kerala trawling-ban seasonal pattern (documented, not measured)"
oil_sardine,10,Oct,30.8,True,38,"Kerala trawling-ban seasonal pattern (documented, not measured)"
oil_sardine,11,Nov,33.2,True,38,"Kerala trawling-ban seasonal pattern (documented, not measured)"
oil_sardine,12,Dec,36.1,True,38,"Kerala trawling-ban seasonal pattern (documented, not measured)"
indian_mackerel,1,Jan,129.6,True,136,"Kerala trawling-ban seasonal pattern (documented, not measured)"
indian_mackerel,2,Feb,131.9,True,136,"Kerala trawling-ban seasonal pattern (documented, not measured)"
indian_mackerel,3,Mar,138.0,True,136,"Kerala trawling-ban seasonal pattern (documented, not measured)"
indian_mackerel,4,Apr,143.4,True,136,"Kerala trawling-ban seasonal pattern (documented, not measured)"
indian_mackerel,5,May,145.4,True,136,"Kerala trawling-ban seasonal pattern (documented, not measured)"
indian_mackerel,6,Jun,199.0,True,136,"Kerala trawling-ban seasonal pattern (documented, not measured)"
indian_mackerel,7,Jul,196.3,True,136,"Kerala trawling-ban seasonal pattern (documented, not measured)"
indian_mackerel,8,Aug,148.7,True,136,"Kerala trawling-ban seasonal pattern (documented, not measured)"
indian_mackerel,9,Sep,123.3,True,136,"Kerala trawling-ban seasonal pattern (documented, not measured)"
indian_mackerel,10,Oct,117.9,True,136,"Kerala trawling-ban seasonal pattern (documented, not measured)"
indian_mackerel,11,Nov,120.4,True,136,"Kerala trawling-ban seasonal pattern (documented, not measured)"
indian_mackerel,12,Dec,124.7,True,136,"Kerala trawling-ban seasonal pattern (documented, not measured)"
indian_squid,1,Jan,288.6,True,276,"Kerala trawling-ban seasonal pattern (documented, not measured)"
indian_squid,2,Feb,271.5,True,276,"Kerala trawling-ban seasonal pattern (documented, not measured)"
indian_squid,3,Mar,264.8,True,276,"Kerala trawling-ban seasonal pattern (documented, not measured)"
indian_squid,4,Apr,278.1,True,276,"Kerala trawling-ban seasonal pattern (documented, not measured)"
indian_squid,5,May,314.1,True,276,"Kerala trawling-ban seasonal pattern (documented, not measured)"
indian_squid,6,Jun,404.4,True,276,"Kerala trawling-ban seasonal pattern (documented, not measured)"
indian_squid,7,Jul,398.3,True,276,"Kerala trawling-ban seasonal pattern (documented, not measured)"
indian_squid,8,Aug,324.7,True,276,"Kerala trawling-ban seasonal pattern (documented, not measured)"
indian_squid,9,Sep,243.8,True,276,"Kerala trawling-ban seasonal pattern (documented, not measured)"
indian_squid,10,Oct,245.7,True,276,"Kerala trawling-ban seasonal pattern (documented, not measured)"
indian_squid,11,Nov,245.4,True,276,"Kerala trawling-ban seasonal pattern (documented, not measured)"
indian_squid,12,Dec,263.6,True,276,"Kerala trawling-ban seasonal pattern (documented, not measured)"
penaeid_prawn,1,Jan,122.9,True,119,"Kerala trawling-ban seasonal pattern (documented, not measured)"
penaeid_prawn,2,Feb,120.4,True,119,"Kerala trawling-ban seasonal pattern (documented, not measured)"
penaeid_prawn,3,Mar,123.3,True,119,"Kerala trawling-ban seasonal pattern (documented, not measured)"
penaeid_prawn,4,Apr,125.9,True,119,"Kerala trawling-ban seasonal pattern (documented, not measured)"
penaeid_prawn,5,May,133.6,True,119,"Kerala trawling-ban seasonal pattern (documented, not measured)"
penaeid_prawn,6,Jun,164.7,True,119,"Kerala trawling-ban seasonal pattern (documented, not measured)"
penaeid_prawn,7,Jul,162.1,True,119,"Kerala trawling-ban seasonal pattern (documented, not measured)"
penaeid_prawn,8,Aug,134.0,True,119,"Kerala trawling-ban seasonal pattern (documented, not measured)"
penaeid_prawn,9,Sep,100.3,True,119,"Kerala trawling-ban seasonal pattern (documented, not measured)"
penaeid_prawn,10,Oct,98.4,True,119,"Kerala trawling-ban seasonal pattern (documented, not measured)"
penaeid_prawn,11,Nov,102.8,True,119,"Kerala trawling-ban seasonal pattern (documented, not measured)"
penaeid_prawn,12,Dec,110.5,True,119,"Kerala trawling-ban seasonal pattern (documented, not measured)"
ribbon_fish,1,Jan,147.0,True,145,"Kerala trawling-ban seasonal pattern (documented, not measured)"
ribbon_fish,2,Feb,143.0,True,145,"Kerala trawling-ban seasonal pattern (documented, not measured)"
ribbon_fish,3,Mar,143.1,True,145,"Kerala trawling-ban seasonal pattern (documented, not measured)"
ribbon_fish,4,Apr,147.8,True,145,"Kerala trawling-ban seasonal pattern (documented, not measured)"
ribbon_fish,5,May,155.8,True,145,"Kerala trawling-ban seasonal pattern (documented, not measured)"
ribbon_fish,6,Jun,219.4,True,145,"Kerala trawling-ban seasonal pattern (documented, not measured)"
ribbon_fish,7,Jul,206.0,True,145,"Kerala trawling-ban seasonal pattern (documented, not measured)"
ribbon_fish,8,Aug,168.6,True,145,"Kerala trawling-ban seasonal pattern (documented, not measured)"
ribbon_fish,9,Sep,123.4,True,145,"Kerala trawling-ban seasonal pattern (documented, not measured)"
ribbon_fish,10,Oct,126.1,True,145,"Kerala trawling-ban seasonal pattern (documented, not measured)"
ribbon_fish,11,Nov,126.1,True,145,"Kerala trawling-ban seasonal pattern (documented, not measured)"
ribbon_fish,12,Dec,136.1,True,145,"Kerala trawling-ban seasonal pattern (documented, not measured)"
crab,1,Jan,164.7,True,157,"Kerala trawling-ban seasonal pattern (documented, not measured)"
crab,2,Feb,159.2,True,157,"Kerala trawling-ban seasonal pattern (documented, not measured)"
crab,3,Mar,157.9,True,157,"Kerala trawling-ban seasonal pattern (documented, not measured)"
crab,4,Apr,167.9,True,157,"Kerala trawling-ban seasonal pattern (documented, not measured)"
crab,5,May,178.6,True,157,"Kerala trawling-ban seasonal pattern (documented, not measured)"
crab,6,Jun,233.9,True,157,"Kerala trawling-ban seasonal pattern (documented, not measured)"
crab,7,Jul,213.8,True,157,"Kerala trawling-ban seasonal pattern (documented, not measured)"
crab,8,Aug,172.1,True,157,"Kerala trawling-ban seasonal pattern (documented, not measured)"
crab,9,Sep,135.6,True,157,"Kerala trawling-ban seasonal pattern (documented, not measured)"
crab,10,Oct,130.4,True,157,"Kerala trawling-ban seasonal pattern (documented, not measured)"
crab,11,Nov,137.2,True,157,"Kerala trawling-ban seasonal pattern (documented, not measured)"
crab,12,Dec,155.8,True,157,"Kerala trawling-ban seasonal pattern (documented, not measured)"
cuttlefish,1,Jan,298.8,True,288,"Kerala trawling-ban seasonal pattern (documented, not measured)"
cuttlefish,2,Feb,282.7,True,288,"Kerala trawling-ban seasonal pattern (documented, not measured)"
cuttlefish,3,Mar,292.5,True,288,"Kerala trawling-ban seasonal pattern (documented, not measured)"
cuttlefish,4,Apr,299.2,True,288,"Kerala trawling-ban seasonal pattern (documented, not measured)"
cuttlefish,5,May,329.9,True,288,"Kerala trawling-ban seasonal pattern (documented, not measured)"
cuttlefish,6,Jun,415.9,True,288,"Kerala trawling-ban seasonal pattern (documented, not measured)"
cuttlefish,7,Jul,393.7,True,288,"Kerala trawling-ban seasonal pattern (documented, not measured)"
cuttlefish,8,Aug,322.8,True,288,"Kerala trawling-ban seasonal pattern (documented, not measured)"
cuttlefish,9,Sep,255.0,True,288,"Kerala trawling-ban seasonal pattern (documented, not measured)"
cuttlefish,10,Oct,239.0,True,288,"Kerala trawling-ban seasonal pattern (documented, not measured)"
cuttlefish,11,Nov,261.4,True,288,"Kerala trawling-ban seasonal pattern (documented, not measured)"
cuttlefish,12,Dec,284.5,True,288,"Kerala trawling-ban seasonal pattern (documented, not measured)"
